{
  "benchmark": {
    "repeats": 400,
    "slow_onehot_s": 0.5316756199990778,
    "fast_indexed_s": 0.42403962800017325,
    "torch_s": 0.9120609229994443,
    "speedup_fast_vs_slow": 1.2538347477251832,
    "ratio_slow_vs_torch": 0.5829387123072717,
    "ratio_fast_vs_torch": 0.4649246747746385
  },
  "training_comparison": {
    "max_updates": 15000,
    "sequential": {
      "final_train_smooth": 1.9118722587906978,
      "final_val_loss": 2.111467750134202,
      "val_steps": [
        600,
        1200,
        1800,
        2400,
        3000,
        3600,
        4200,
        4800,
        5400,
        6000,
        6600,
        7200,
        7800,
        8400,
        9000,
        9600,
        10200,
        10800,
        11400,
        12000,
        12600,
        13200,
        13800,
        14400,
        15000
      ],
      "val_losses": [
        2.7447699159337655,
        2.5340348702402347,
        2.460426549927096,
        2.4039764880047576,
        2.3732014264442305,
        2.340104911119698,
        2.3675325770347686,
        2.3163261984871673,
        2.2896429032126187,
        2.313839368919046,
        2.2558992334573995,
        2.25258420259046,
        2.2471877936342435,
        2.28955382032559,
        2.21701245253018,
        2.199392815693059,
        2.195663644952462,
        2.1568027342991707,
        2.1730658418200988,
        2.1457325123552566,
        2.136814163878617,
        2.1340654414070985,
        2.1455186345639317,
        2.138765126912232,
        2.111467750134202
      ]
    },
    "random_chunks": {
      "final_train_smooth": 1.9031838425783527,
      "final_val_loss": 2.091733451917827,
      "val_steps": [
        600,
        1200,
        1800,
        2400,
        3000,
        3600,
        4200,
        4800,
        5400,
        6000,
        6600,
        7200,
        7800,
        8400,
        9000,
        9600,
        10200,
        10800,
        11400,
        12000,
        12600,
        13200,
        13800,
        14400,
        15000
      ],
      "val_losses": [
        2.819377479173319,
        2.5676015459001387,
        2.4567997294297363,
        2.4087921024186296,
        2.397616297270996,
        2.3561207224353713,
        2.3392104468785613,
        2.3229859516796227,
        2.331328261573244,
        2.2839957712691086,
        2.2883691128859285,
        2.261927461646155,
        2.2346076110811963,
        2.3121278082038734,
        2.170328177923614,
        2.1507877517905234,
        2.159822922061762,
        2.1487527482624014,
        2.1940013381465455,
        2.200280620605819,
        2.132411849505524,
        2.1453070437403774,
        2.0991588686029923,
        2.099717018005815,
        2.091733451917827
      ]
    },
    "random_position": {
      "final_train_smooth": 2.010732337124085,
      "final_val_loss": 2.059982351565096,
      "val_steps": [
        600,
        1200,
        1800,
        2400,
        3000,
        3600,
        4200,
        4800,
        5400,
        6000,
        6600,
        7200,
        7800,
        8400,
        9000,
        9600,
        10200,
        10800,
        11400,
        12000,
        12600,
        13200,
        13800,
        14400,
        15000
      ],
      "val_losses": [
        2.6969499459805535,
        2.47668721270861,
        2.3995423283609143,
        2.3537130577573016,
        2.3090516990051255,
        2.287121054333501,
        2.2601418388982113,
        2.2452150375047193,
        2.222311935490684,
        2.213487977323297,
        2.213941357799263,
        2.1912089277890012,
        2.1740890012973897,
        2.1595759131808685,
        2.1490268267807684,
        2.151016322575398,
        2.1349963505324645,
        2.124009684199091,
        2.099058587541256,
        2.0966206443912716,
        2.078968161560279,
        2.076664116453069,
        2.068709641335675,
        2.056875078505431,
        2.059982351565096
      ]
    },
    "random_position_batch8": {
      "final_train_smooth": 1.7612259843946079,
      "final_val_loss": 1.8573191701326308,
      "val_steps": [
        600,
        1200,
        1800,
        2400,
        3000,
        3600,
        4200,
        4800,
        5400,
        6000,
        6600,
        7200,
        7800,
        8400,
        9000,
        9600,
        10200,
        10800,
        11400,
        12000,
        12600,
        13200,
        13800,
        14400,
        15000
      ],
      "val_losses": [
        2.4187514895948743,
        2.274743980130449,
        2.2057843882003842,
        2.1537386731415173,
        2.1038940487628124,
        2.0786443416689617,
        2.0566369669948554,
        2.0244524819616916,
        2.0076163770151627,
        1.989346759821314,
        1.966787265186491,
        1.9548173775854605,
        1.9568535730227068,
        1.9423597236083192,
        1.9180213260506302,
        1.9092728081337884,
        1.8934677322503575,
        1.8948843628743497,
        1.8970524132150992,
        1.8825041010517576,
        1.8727630976856104,
        1.862275978064414,
        1.8568595361780462,
        1.8535286912394682,
        1.8573191701326308
      ]
    }
  },
  "sampling": {
    "temperature": {
      "low_T0.5": 0.5,
      "medium_T1.0": 1.0,
      "high_T1.5": 1.5
    },
    "nucleus_theta": {
      "low_theta0.5": 0.5,
      "medium_theta0.9": 0.9,
      "high_theta0.99": 0.99
    }
  }
}